Model,R2 Score,MAPE,Explained Variance
Random Forest,0.9575244402044736,0.08261699801084209,0.9576802178873542
Support Vector Regressor,0.9898440722420433,0.041516686668686444,0.9898440818242239
Gradient Boosting Regressor,0.9775312507584588,0.05838838717851682,0.9776221350799914
ElasticNet,0.956812700144691,0.07822516118120601,0.9570835269269969
Polynomial Regression,0.9910209305258542,0.035634252440581306,0.9910249895853704
