Model,R2 Score,MAPE,Explained Variance
Random Forest,0.9961016249318554,0.03336806290133515,0.996101626890659
Support Vector Regressor,0.9997988348094372,0.006269032299640459,0.9998129536871023
ElasticNet,0.9997728260972731,0.0074198657353730145,0.9997743013890337
