Model,R2 Score,MAPE,Explained Variance
Random Forest,0.976201004926157,0.07365956367993831,0.9762097254520805
Support Vector Regressor,0.9981500104040424,0.01993235686619557,0.9981535571790081
Gradient Boosting Regressor,0.9909591026713068,0.04523361074908495,0.990979801348786
ElasticNet,0.9981452527207694,0.020021768563337383,0.9981479625036703
Polynomial Regression,0.9981525462310703,0.019969297856964385,0.9981551590594357
