Model,R2 Score,MAPE,Explained Variance
Random Forest,0.9975214263314903,0.023408741235003108,0.9975707564316225
Support Vector Regressor,0.9998187524937383,0.005577883563137278,0.9998304778708319
ElasticNet,0.9998318165003176,0.005920831468707729,0.9998324722743063
