Model,R2 Score,MAPE,Explained Variance
Random Forest,0.9746703370437539,0.07773515870144478,0.9749528589235592
Support Vector Regressor,0.9998251225421518,0.004631604577177174,0.999830422933918
ElasticNet,0.9998487417149053,0.004651306676503683,0.9998494295461557
